{
  "train_loss": [
    1.824756167616163,
    1.3802667017493928,
    1.1948977376733507,
    1.0625631638935633,
    0.9600976467132568,
    0.8899146739925657,
    0.8196850082703999,
    0.7489119776657649,
    0.6884285230721746,
    0.6589467402015413,
    0.6248868850725038,
    0.5793856395142419,
    0.5557462728449276,
    0.5275992238095828,
    0.5173080770032746,
    0.498614222237042,
    0.4821692903126989,
    0.4582059511116573,
    0.4681671755654471,
    0.42511073436055863,
    0.3868358646120344,
    0.36231226335678784,
    0.34036306813359263,
    0.3337991597396987,
    0.31456330663391524,
    0.3260317506534713,
    0.3013238635446344,
    0.27698156610131264,
    0.27984214808259694
  ],
  "val_loss": [
    1.576389527320862,
    1.332062848409017,
    1.2625549554824829,
    1.1860407829284667,
    1.1223199804623922,
    1.1555652379989625,
    1.0812253872553508,
    1.109166145324707,
    1.1274698456128438,
    1.0717797299226126,
    1.1213177978992461,
    1.1183629175027212,
    1.0612983187039693,
    1.023392457763354,
    1.1354084352652232,
    1.0735047280788421,
    1.0788893699645996,
    1.1101559778054555,
    1.071919071674347,
    1.0459018747011821,
    1.0348615984121958,
    1.1164747973283131,
    1.0772279977798462,
    1.148788571357727,
    1.1246809005737304,
    1.1674364785353342,
    1.12270680864652,
    1.19899809161822,
    1.1604664067427317
  ],
  "val_iou": [
    0.19642004151206766,
    0.2906841094768973,
    0.3081977832537159,
    0.3370066537903375,
    0.36052966795676555,
    0.34927688201272705,
    0.37186899621804104,
    0.3772469669077686,
    0.37562669660160625,
    0.389758417744067,
    0.3850098768595948,
    0.37727974437936146,
    0.4023623021731583,
    0.41447200042721555,
    0.39206371359784553,
    0.39039736983246043,
    0.398496008799295,
    0.4081881900774956,
    0.40948672206119746,
    0.40484647104140464,
    0.4128446568285707,
    0.3987534554797155,
    0.4068714827979526,
    0.3961927690729458,
    0.3992275439154826,
    0.38390210653282486,
    0.4039998903250228,
    0.3906099758975516,
    0.3962620727136103
  ],
  "val_f1": [
    0.3061710455317087,
    0.4227853944970968,
    0.4436941690190969,
    0.4738284295671665,
    0.49988465731361986,
    0.49011528106697483,
    0.5125883255849515,
    0.5182529599048092,
    0.5148543386695554,
    0.5301913414215764,
    0.5248243218223448,
    0.5157975767956898,
    0.5397657504335343,
    0.5518934182238063,
    0.5309217441171209,
    0.5279275056014128,
    0.536879383285939,
    0.5465271830231984,
    0.5482646231639323,
    0.5430900656708372,
    0.5510648875575003,
    0.5370959926446559,
    0.5459600925367427,
    0.5358755793392594,
    0.5385152753267753,
    0.52347994564026,
    0.5428460817288687,
    0.5296783742059773,
    0.5359631675589387
  ],
  "learning_rate": [
    0.0001,
    0.0001,
    0.0001,
    0.0001,
    0.0001,
    0.0001,
    0.0001,
    0.0001,
    0.0001,
    0.0001,
    0.0001,
    0.0001,
    0.0001,
    0.0001,
    0.0001,
    0.0001,
    0.0001,
    0.0001,
    0.0001,
    0.0001,
    5e-05,
    5e-05,
    5e-05,
    5e-05,
    5e-05,
    5e-05,
    2.5e-05,
    2.5e-05,
    2.5e-05
  ]
}